policy_holder_id,first_name,last_name,dob,address,phone,email
1,William,Miller,1966-09-06,"8343 Oak Ave, City",+1-202-766-2173,william.miller1@example.com
2,James,Garcia,1968-06-30,"6415 Oak Ave, City",+1-202-721-8812,james.garcia2@example.com
3,Robert,Williams,1983-12-30,"8326 Main St, City",+1-202-392-2480,robert.williams3@example.com
4,Richard,Jones,1955-09-15,"2965 Pine Rd, City",+1-202-201-9730,richard.jones4@example.com
5,John,Williams,1971-07-14,"5011 Maple Blvd, City",+1-202-839-1735,john.williams5@example.com
6,Jane,Miller,1950-04-18,"9357 Oak Ave, City",+1-202-575-3932,jane.miller6@example.com
7,Linda,Williams,1963-02-09,"432 Oak Ave, City",+1-202-454-6887,linda.williams7@example.com
8,James,Miller,1996-04-17,"1691 Maple Blvd, City",+1-202-866-3115,james.miller8@example.com
9,Barbara,Brown,1973-07-08,"517 Maple Blvd, City",+1-202-708-6799,barbara.brown9@example.com
10,Michael,Jones,1958-09-08,"516 Pine Rd, City",+1-202-818-6556,michael.jones10@example.com
11,William,Martinez,1971-01-10,"9896 Oak Ave, City",+1-202-363-7760,william.martinez11@example.com
12,Michelle,Johnson,1990-03-03,"6054 Pine Rd, City",+1-202-570-4380,michelle.johnson12@example.com
13,Michelle,Brown,1991-04-01,"2996 Main St, City",+1-202-671-6499,michelle.brown13@example.com
14,John,Martinez,1949-06-11,"3508 Pine Rd, City",+1-202-972-3880,john.martinez14@example.com
15,David,Martinez,1974-01-04,"9370 Pine Rd, City",+1-202-561-9603,david.martinez15@example.com
16,William,Smith,1965-11-30,"8185 Oak Ave, City",+1-202-710-4881,william.smith16@example.com
17,Jane,Smith,1954-02-20,"9651 Main St, City",+1-202-959-2543,jane.smith17@example.com
18,Patricia,Jones,1983-06-04,"5864 Oak Ave, City",+1-202-873-1904,patricia.jones18@example.com
19,Patricia,Miller,1986-11-22,"169 Maple Blvd, City",+1-202-979-6086,patricia.miller19@example.com
20,John,Martinez,1987-04-07,"3162 Maple Blvd, City",+1-202-409-4849,john.martinez20@example.com
21,James,Williams,1999-02-18,"7371 Oak Ave, City",+1-202-926-7093,james.williams21@example.com
22,Patricia,Brown,1972-07-28,"7452 Pine Rd, City",+1-202-372-9227,patricia.brown22@example.com
23,Michael,Smith,1967-10-05,"179 Main St, City",+1-202-251-5477,michael.smith23@example.com
24,Patricia,Brown,2001-05-26,"1729 Main St, City",+1-202-500-2480,patricia.brown24@example.com
25,Elizabeth,Miller,1956-05-06,"2117 Oak Ave, City",+1-202-776-5335,elizabeth.miller25@example.com
26,Robert,Miller,1984-07-10,"5875 Maple Blvd, City",+1-202-379-7214,robert.miller26@example.com
27,Robert,Davis,1992-07-06,"2361 Pine Rd, City",+1-202-646-4933,robert.davis27@example.com
28,Richard,Miller,1996-07-22,"836 Maple Blvd, City",+1-202-302-7856,richard.miller28@example.com
29,Elizabeth,Johnson,1980-06-20,"939 Oak Ave, City",+1-202-939-3239,elizabeth.johnson29@example.com
30,Jane,Martinez,1992-08-09,"8597 Main St, City",+1-202-450-5011,jane.martinez30@example.com
31,Susan,Williams,2000-01-18,"2982 Maple Blvd, City",+1-202-822-8667,susan.williams31@example.com
32,Michelle,Garcia,1984-10-14,"5742 Main St, City",+1-202-298-1322,michelle.garcia32@example.com
33,John,Brown,1988-02-10,"1152 Oak Ave, City",+1-202-977-4143,john.brown33@example.com
34,James,Johnson,1980-12-27,"2878 Pine Rd, City",+1-202-464-9242,james.johnson34@example.com
35,Jane,Jones,1956-09-13,"2811 Oak Ave, City",+1-202-409-5391,jane.jones35@example.com
36,John,Brown,1950-04-25,"5772 Maple Blvd, City",+1-202-979-5955,john.brown36@example.com
37,James,Brown,1963-02-25,"1894 Main St, City",+1-202-584-3697,james.brown37@example.com
38,Linda,Williams,1970-04-08,"8493 Oak Ave, City",+1-202-973-5716,linda.williams38@example.com
39,Susan,Davis,1984-03-26,"8765 Oak Ave, City",+1-202-283-4002,susan.davis39@example.com
40,Richard,Smith,1992-05-19,"4036 Maple Blvd, City",+1-202-861-4775,richard.smith40@example.com
41,James,Miller,1960-09-28,"1681 Main St, City",+1-202-317-5036,james.miller41@example.com
42,Susan,Davis,1958-02-06,"1377 Oak Ave, City",+1-202-248-8822,susan.davis42@example.com
43,Linda,Davis,1974-04-05,"7390 Oak Ave, City",+1-202-295-7065,linda.davis43@example.com
44,Robert,Johnson,1957-10-10,"9820 Maple Blvd, City",+1-202-563-2608,robert.johnson44@example.com
45,Barbara,Garcia,2001-01-20,"3605 Oak Ave, City",+1-202-879-2768,barbara.garcia45@example.com
46,Michael,Brown,1983-07-08,"7513 Oak Ave, City",+1-202-998-6667,michael.brown46@example.com
47,Patricia,Jones,1964-04-22,"7829 Pine Rd, City",+1-202-251-5415,patricia.jones47@example.com
48,David,Davis,1993-11-11,"2237 Main St, City",+1-202-236-7276,david.davis48@example.com
49,John,Jones,1991-05-27,"251 Main St, City",+1-202-688-8227,john.jones49@example.com
50,Susan,Rodriguez,1991-02-09,"8443 Main St, City",+1-202-339-3116,susan.rodriguez50@example.com
51,Barbara,Garcia,1983-04-06,"4864 Oak Ave, City",+1-202-461-3963,barbara.garcia51@example.com
52,Michael,Martinez,1973-07-29,"5803 Maple Blvd, City",+1-202-967-5220,michael.martinez52@example.com
53,Robert,Brown,2000-12-08,"7060 Oak Ave, City",+1-202-295-8148,robert.brown53@example.com
54,Richard,Davis,1967-06-15,"7128 Pine Rd, City",+1-202-382-1345,richard.davis54@example.com
55,James,Brown,1976-07-12,"2331 Pine Rd, City",+1-202-941-7078,james.brown55@example.com
56,John,Martinez,1964-05-10,"3957 Main St, City",+1-202-992-9858,john.martinez56@example.com
57,Jane,Garcia,1977-11-19,"4696 Pine Rd, City",+1-202-458-4466,jane.garcia57@example.com
58,David,Miller,1973-08-09,"8939 Maple Blvd, City",+1-202-540-4810,david.miller58@example.com
59,Susan,Miller,1994-10-16,"553 Pine Rd, City",+1-202-588-6102,susan.miller59@example.com
60,John,Williams,1960-06-25,"2554 Maple Blvd, City",+1-202-578-8489,john.williams60@example.com
61,David,Smith,1977-01-18,"8541 Pine Rd, City",+1-202-354-8663,david.smith61@example.com
62,Richard,Brown,1986-12-14,"4111 Maple Blvd, City",+1-202-371-2571,richard.brown62@example.com
63,John,Miller,1962-03-20,"5844 Main St, City",+1-202-808-6381,john.miller63@example.com
64,Jane,Davis,1993-04-29,"9252 Maple Blvd, City",+1-202-902-6926,jane.davis64@example.com
65,John,Smith,1966-06-05,"5021 Main St, City",+1-202-754-2389,john.smith65@example.com
66,Susan,Davis,1965-10-17,"1943 Maple Blvd, City",+1-202-614-8191,susan.davis66@example.com
67,Michelle,Davis,1960-09-16,"7555 Oak Ave, City",+1-202-229-3088,michelle.davis67@example.com
68,Michelle,Davis,1972-08-27,"1489 Pine Rd, City",+1-202-578-6912,michelle.davis68@example.com
69,Barbara,Garcia,1955-06-30,"7812 Oak Ave, City",+1-202-747-1566,barbara.garcia69@example.com
70,Elizabeth,Miller,1957-05-24,"5723 Pine Rd, City",+1-202-333-5661,elizabeth.miller70@example.com
71,Robert,Williams,1951-07-20,"1360 Pine Rd, City",+1-202-915-8511,robert.williams71@example.com
72,Richard,Johnson,1985-11-16,"8428 Oak Ave, City",+1-202-289-1604,richard.johnson72@example.com
73,Michael,Garcia,1969-10-22,"8008 Oak Ave, City",+1-202-973-2170,michael.garcia73@example.com
74,Michael,Davis,1968-06-16,"9031 Main St, City",+1-202-446-5044,michael.davis74@example.com
75,Michelle,Garcia,1961-12-17,"5126 Maple Blvd, City",+1-202-896-1729,michelle.garcia75@example.com
76,Linda,Brown,1949-07-04,"293 Oak Ave, City",+1-202-870-7909,linda.brown76@example.com
77,Patricia,Rodriguez,1989-01-21,"9127 Pine Rd, City",+1-202-826-4323,patricia.rodriguez77@example.com
78,Jane,Garcia,1952-12-27,"3473 Main St, City",+1-202-212-2261,jane.garcia78@example.com
79,James,Miller,1970-05-22,"7677 Main St, City",+1-202-202-8176,james.miller79@example.com
80,Barbara,Martinez,1958-04-04,"1272 Pine Rd, City",+1-202-373-2807,barbara.martinez80@example.com
81,David,Miller,1996-12-14,"1915 Maple Blvd, City",+1-202-719-7947,david.miller81@example.com
82,Susan,Johnson,1961-05-10,"5101 Pine Rd, City",+1-202-555-5019,susan.johnson82@example.com
83,James,Williams,1973-11-07,"4302 Oak Ave, City",+1-202-215-1131,james.williams83@example.com
84,Linda,Johnson,1995-09-19,"3290 Pine Rd, City",+1-202-414-8360,linda.johnson84@example.com
85,Patricia,Garcia,1980-09-26,"6091 Maple Blvd, City",+1-202-869-8867,patricia.garcia85@example.com
86,Michael,Miller,1959-05-27,"9021 Oak Ave, City",+1-202-626-7934,michael.miller86@example.com
87,Barbara,Jones,1995-01-10,"8285 Pine Rd, City",+1-202-232-8671,barbara.jones87@example.com
88,Patricia,Williams,1973-04-08,"9281 Oak Ave, City",+1-202-331-2409,patricia.williams88@example.com
89,Michael,Williams,1985-11-15,"2517 Main St, City",+1-202-428-3020,michael.williams89@example.com
90,Michelle,Garcia,1995-07-30,"3914 Pine Rd, City",+1-202-626-2443,michelle.garcia90@example.com
91,Linda,Garcia,1974-01-11,"5957 Main St, City",+1-202-929-2216,linda.garcia91@example.com
92,David,Jones,1950-10-17,"6596 Oak Ave, City",+1-202-645-1890,david.jones92@example.com
93,Robert,Miller,2000-05-17,"673 Oak Ave, City",+1-202-299-5963,robert.miller93@example.com
94,Linda,Davis,1993-12-04,"9336 Main St, City",+1-202-866-9615,linda.davis94@example.com
95,Barbara,Johnson,1994-07-18,"4404 Main St, City",+1-202-554-7780,barbara.johnson95@example.com
96,John,Rodriguez,1989-02-28,"2712 Main St, City",+1-202-343-5604,john.rodriguez96@example.com
97,William,Davis,1970-01-17,"2650 Oak Ave, City",+1-202-941-1155,william.davis97@example.com
98,David,Martinez,1961-11-09,"1275 Pine Rd, City",+1-202-824-4143,david.martinez98@example.com
99,Susan,Davis,1991-09-14,"1925 Oak Ave, City",+1-202-444-8683,susan.davis99@example.com
100,David,Jones,1990-01-26,"2305 Pine Rd, City",+1-202-515-9353,david.jones100@example.com
101,Robert,Jones,1976-02-24,"5392 Oak Ave, City",+1-202-209-7476,robert.jones101@example.com
102,Barbara,Martinez,1949-08-14,"3817 Maple Blvd, City",+1-202-966-7250,barbara.martinez102@example.com
103,Richard,Williams,1984-09-13,"9788 Pine Rd, City",+1-202-540-6117,richard.williams103@example.com
104,James,Jones,1997-03-02,"5903 Main St, City",+1-202-438-1503,james.jones104@example.com
105,Michelle,Miller,1955-01-05,"7163 Maple Blvd, City",+1-202-954-3024,michelle.miller105@example.com
106,Robert,Brown,1999-08-12,"1002 Pine Rd, City",+1-202-951-5939,robert.brown106@example.com
107,John,Williams,1970-12-03,"3533 Main St, City",+1-202-948-6009,john.williams107@example.com
108,John,Davis,1970-03-22,"5342 Maple Blvd, City",+1-202-639-6347,john.davis108@example.com
109,Patricia,Smith,1959-09-13,"8014 Oak Ave, City",+1-202-756-4745,patricia.smith109@example.com
110,Barbara,Rodriguez,1999-08-31,"6236 Pine Rd, City",+1-202-860-7473,barbara.rodriguez110@example.com
111,Michael,Davis,1982-07-12,"3040 Oak Ave, City",+1-202-360-7563,michael.davis111@example.com
112,Michael,Rodriguez,1977-08-14,"3874 Maple Blvd, City",+1-202-474-6153,michael.rodriguez112@example.com
113,Michael,Martinez,1951-10-05,"6219 Oak Ave, City",+1-202-853-4869,michael.martinez113@example.com
114,Susan,Brown,1973-02-02,"7727 Maple Blvd, City",+1-202-717-8017,susan.brown114@example.com
115,David,Rodriguez,1982-07-30,"6776 Pine Rd, City",+1-202-576-1524,david.rodriguez115@example.com
116,David,Miller,1986-07-06,"9273 Main St, City",+1-202-589-6563,david.miller116@example.com
117,David,Williams,1979-03-01,"164 Main St, City",+1-202-894-3140,david.williams117@example.com
118,William,Smith,1947-10-17,"3777 Pine Rd, City",+1-202-451-2258,william.smith118@example.com
119,Susan,Smith,1986-05-21,"1215 Pine Rd, City",+1-202-723-8235,susan.smith119@example.com
120,John,Miller,1970-03-28,"3589 Oak Ave, City",+1-202-274-5659,john.miller120@example.com
121,Richard,Jones,1974-08-13,"1617 Main St, City",+1-202-621-1007,richard.jones121@example.com
122,David,Martinez,1967-04-04,"5189 Pine Rd, City",+1-202-638-8101,david.martinez122@example.com
123,Richard,Johnson,1957-01-02,"6797 Oak Ave, City",+1-202-876-1814,richard.johnson123@example.com
124,David,Williams,1961-04-18,"3773 Pine Rd, City",+1-202-468-1224,david.williams124@example.com
125,Linda,Martinez,1957-03-28,"6392 Main St, City",+1-202-223-4732,linda.martinez125@example.com
126,William,Smith,1998-07-09,"9341 Oak Ave, City",+1-202-731-5654,william.smith126@example.com
127,Patricia,Davis,1979-06-03,"8916 Main St, City",+1-202-458-2406,patricia.davis127@example.com
128,James,Williams,1972-11-16,"5064 Oak Ave, City",+1-202-515-2023,james.williams128@example.com
129,William,Davis,1953-11-03,"7617 Main St, City",+1-202-342-2874,william.davis129@example.com
130,John,Brown,1972-11-05,"7832 Oak Ave, City",+1-202-959-9472,john.brown130@example.com
131,Patricia,Rodriguez,1975-07-02,"2420 Main St, City",+1-202-644-7916,patricia.rodriguez131@example.com
132,William,Miller,1961-06-11,"2731 Oak Ave, City",+1-202-978-9707,william.miller132@example.com
133,Richard,Davis,1997-10-08,"5758 Maple Blvd, City",+1-202-626-1342,richard.davis133@example.com
134,Robert,Williams,1953-09-09,"9628 Main St, City",+1-202-916-6784,robert.williams134@example.com
135,Elizabeth,Martinez,1995-05-06,"8297 Main St, City",+1-202-584-7003,elizabeth.martinez135@example.com
136,Jane,Johnson,1954-05-23,"3046 Pine Rd, City",+1-202-818-4633,jane.johnson136@example.com
137,Barbara,Garcia,1994-07-12,"5587 Maple Blvd, City",+1-202-922-3758,barbara.garcia137@example.com
138,David,Martinez,1987-03-28,"3985 Main St, City",+1-202-940-2185,david.martinez138@example.com
139,David,Jones,1955-04-28,"8826 Oak Ave, City",+1-202-303-6533,david.jones139@example.com
140,Patricia,Davis,1996-11-25,"2291 Main St, City",+1-202-707-1773,patricia.davis140@example.com
141,Barbara,Davis,1997-11-22,"4162 Maple Blvd, City",+1-202-713-5690,barbara.davis141@example.com
142,John,Brown,1955-07-16,"6172 Main St, City",+1-202-534-2104,john.brown142@example.com
143,Barbara,Martinez,1996-11-23,"4820 Pine Rd, City",+1-202-629-8775,barbara.martinez143@example.com
144,Barbara,Brown,1946-10-24,"1339 Oak Ave, City",+1-202-242-2189,barbara.brown144@example.com
145,Richard,Davis,1974-11-07,"4821 Pine Rd, City",+1-202-636-8360,richard.davis145@example.com
146,John,Davis,1974-02-01,"1791 Oak Ave, City",+1-202-775-1745,john.davis146@example.com
147,Susan,Rodriguez,1969-03-20,"1602 Main St, City",+1-202-544-6519,susan.rodriguez147@example.com
148,William,Williams,1974-12-17,"8014 Maple Blvd, City",+1-202-258-8332,william.williams148@example.com
149,Robert,Garcia,1989-05-03,"8704 Oak Ave, City",+1-202-378-4481,robert.garcia149@example.com
150,William,Williams,1949-09-27,"1731 Main St, City",+1-202-370-2762,william.williams150@example.com
151,Robert,Miller,1947-07-27,"545 Oak Ave, City",+1-202-287-1107,robert.miller151@example.com
152,John,Williams,1988-05-19,"3410 Maple Blvd, City",+1-202-692-3602,john.williams152@example.com
153,Patricia,Martinez,1998-06-12,"2948 Main St, City",+1-202-436-6998,patricia.martinez153@example.com
154,Elizabeth,Brown,1986-11-22,"5930 Maple Blvd, City",+1-202-943-9848,elizabeth.brown154@example.com
155,Elizabeth,Rodriguez,1960-05-16,"4038 Pine Rd, City",+1-202-533-1613,elizabeth.rodriguez155@example.com
156,William,Johnson,1973-03-25,"2685 Maple Blvd, City",+1-202-445-3517,william.johnson156@example.com
157,Richard,Rodriguez,1952-11-07,"203 Pine Rd, City",+1-202-392-7958,richard.rodriguez157@example.com
158,Linda,Davis,1998-11-27,"5980 Main St, City",+1-202-442-9761,linda.davis158@example.com
159,Michael,Johnson,1975-04-11,"4922 Pine Rd, City",+1-202-914-4047,michael.johnson159@example.com
160,Linda,Brown,2000-06-07,"4563 Maple Blvd, City",+1-202-971-1044,linda.brown160@example.com
161,Barbara,Garcia,1993-05-02,"360 Oak Ave, City",+1-202-797-2631,barbara.garcia161@example.com
162,Patricia,Brown,1997-10-19,"2905 Maple Blvd, City",+1-202-427-8354,patricia.brown162@example.com
163,Michael,Smith,1987-03-02,"3443 Pine Rd, City",+1-202-815-5770,michael.smith163@example.com
164,David,Smith,1969-06-23,"9107 Maple Blvd, City",+1-202-756-5969,david.smith164@example.com
165,Elizabeth,Jones,1957-07-19,"843 Oak Ave, City",+1-202-465-6226,elizabeth.jones165@example.com
166,Michael,Jones,1962-07-17,"9888 Main St, City",+1-202-783-7192,michael.jones166@example.com
167,Elizabeth,Davis,1989-12-02,"2432 Oak Ave, City",+1-202-970-4134,elizabeth.davis167@example.com
168,Patricia,Miller,1960-12-05,"6465 Oak Ave, City",+1-202-401-5502,patricia.miller168@example.com
169,William,Brown,1981-03-28,"8657 Maple Blvd, City",+1-202-557-5448,william.brown169@example.com
170,William,Williams,1987-06-02,"3302 Pine Rd, City",+1-202-801-6268,william.williams170@example.com
171,William,Davis,1957-07-21,"2694 Main St, City",+1-202-314-2892,william.davis171@example.com
172,Susan,Brown,1975-02-26,"8735 Main St, City",+1-202-461-7529,susan.brown172@example.com
173,Barbara,Rodriguez,1969-07-19,"906 Pine Rd, City",+1-202-853-9959,barbara.rodriguez173@example.com
174,Robert,Garcia,1982-04-19,"3527 Pine Rd, City",+1-202-201-6713,robert.garcia174@example.com
175,Michelle,Miller,1952-11-30,"8299 Main St, City",+1-202-845-3865,michelle.miller175@example.com
176,James,Davis,1984-09-07,"8882 Pine Rd, City",+1-202-751-4760,james.davis176@example.com
177,Patricia,Davis,2000-05-13,"1212 Pine Rd, City",+1-202-280-1198,patricia.davis177@example.com
178,Susan,Jones,1949-02-14,"8394 Pine Rd, City",+1-202-282-5765,susan.jones178@example.com
179,Barbara,Martinez,1999-02-15,"8137 Main St, City",+1-202-641-9058,barbara.martinez179@example.com
180,Jane,Garcia,1981-06-01,"8755 Pine Rd, City",+1-202-727-7387,jane.garcia180@example.com
181,Michael,Rodriguez,1989-01-24,"3879 Maple Blvd, City",+1-202-734-9899,michael.rodriguez181@example.com
182,Robert,Garcia,1963-07-10,"8796 Maple Blvd, City",+1-202-380-2763,robert.garcia182@example.com
183,James,Miller,1993-06-12,"3883 Main St, City",+1-202-920-8213,james.miller183@example.com
184,Linda,Garcia,1958-04-03,"3642 Oak Ave, City",+1-202-503-7743,linda.garcia184@example.com
185,Patricia,Davis,1966-03-10,"8204 Main St, City",+1-202-912-2908,patricia.davis185@example.com
186,Barbara,Brown,1974-06-30,"2313 Maple Blvd, City",+1-202-594-2028,barbara.brown186@example.com
187,Jane,Garcia,1986-10-26,"453 Oak Ave, City",+1-202-504-1137,jane.garcia187@example.com
188,Michael,Jones,1956-10-25,"1524 Oak Ave, City",+1-202-489-9733,michael.jones188@example.com
189,David,Jones,1982-10-29,"8799 Oak Ave, City",+1-202-204-2900,david.jones189@example.com
190,Linda,Davis,2000-10-24,"4691 Maple Blvd, City",+1-202-689-3334,linda.davis190@example.com
191,Richard,Jones,1993-06-05,"6111 Pine Rd, City",+1-202-483-4617,richard.jones191@example.com
192,Barbara,Miller,1953-01-27,"7345 Oak Ave, City",+1-202-386-2687,barbara.miller192@example.com
193,James,Rodriguez,1958-03-06,"6071 Pine Rd, City",+1-202-562-2309,james.rodriguez193@example.com
194,Barbara,Williams,1965-09-27,"1885 Maple Blvd, City",+1-202-354-9289,barbara.williams194@example.com
195,Patricia,Rodriguez,1972-06-17,"1343 Maple Blvd, City",+1-202-919-8249,patricia.rodriguez195@example.com
196,Linda,Rodriguez,1992-06-30,"6188 Maple Blvd, City",+1-202-871-3670,linda.rodriguez196@example.com
197,John,Jones,1976-04-05,"928 Main St, City",+1-202-917-1808,john.jones197@example.com
198,Robert,Miller,1978-04-11,"2179 Maple Blvd, City",+1-202-502-3058,robert.miller198@example.com
199,Jane,Smith,1957-01-04,"9974 Main St, City",+1-202-528-8580,jane.smith199@example.com
200,Susan,Rodriguez,1968-06-17,"1935 Pine Rd, City",+1-202-860-3859,susan.rodriguez200@example.com
