employee_id,employee_name,department,branch
1,Keith Chavez,Sales,Raipur Branch
2,Daniel Solis,Finance,Noida Branch
3,Jennifer Green,Marketing,Indore Branch
4,Daniel Fox,Sales,Delhi Branch
5,Laura Lee,Customer Support,Jaipur Branch
6,Fernando Burke,Marketing,Mysore Branch
7,Denise Yates,Marketing,Kochi Branch
8,Denise Schmidt,Marketing,Raipur Branch
9,Justin Tucker,Sales,Chennai Branch
10,Katelyn Boyle,Operations,Chandigarh Branch
11,Drew Murphy,Customer Support,Nagpur Branch
12,John Sharp,Customer Support,Raipur Branch
13,Erin Henderson,Customer Support,Delhi Branch
14,Michael Johnson,Sales,Patna Branch
15,Megan Bradford,Marketing,Coimbatore Branch
16,Frederick Hinton,Finance,Delhi Branch
17,Sarah Weber,Finance,Mysore Branch
18,Kristin Smith,Operations,Kolkata Branch
19,Ms. Sandy Wallace,Sales,Gurgaon Branch
20,Shelby Nunez,Sales,Noida Branch
21,Dr. Stephen Parker,Marketing,Ahmedabad Branch
22,James Warren,Finance,Lucknow Branch
23,Jeffrey Miller,Marketing,Hyderabad Branch
24,Don Schaefer,Customer Support,Jabalpur Branch
25,Natalie Patterson,Operations,Lucknow Branch
26,Rebecca Galloway,Marketing,Bangalore Branch
27,Harry Pham,Sales,Lucknow Branch
28,Tina Robles,Finance,Surat Branch
29,David Thompson,Operations,Bhubaneswar Branch
30,Kyle Rodriguez,Operations,Indore Branch
31,Richard Andrews,Customer Support,Gurgaon Branch
32,Ronald May,Marketing,Indore Branch
33,John Williams,Customer Support,Bhopal Branch
34,Christopher Brown,Marketing,Pune Branch
35,Todd Evans,Customer Support,Delhi Branch
36,Antonio Hawkins,Marketing,Ahmedabad Branch
37,Jessica Green,Marketing,Kolkata Branch
38,Stephen Holland,Sales,Kochi Branch
39,Elizabeth Barnett,Operations,Pune Branch
40,Renee Stevens,Sales,Bhopal Branch
41,Melanie Graham,Sales,Nagpur Branch
42,Michael David,Finance,Mysore Branch
43,George Walker,Operations,Bhubaneswar Branch
44,Mark Roberts III,Sales,Bhubaneswar Branch
45,Deborah Yu,Sales,Gurgaon Branch
46,Tracy James,Sales,Noida Branch
47,Meghan Martin,Sales,Mumbai Branch
48,Nicholas Torres,Sales,Chandigarh Branch
49,Beverly Anderson,Customer Support,Nagpur Branch
50,Elizabeth White,Sales,Patna Branch
51,Alejandro Sanders,Finance,Raipur Branch
52,Morgan Hall,Marketing,Kolkata Branch
53,Deborah Allison,Sales,Lucknow Branch
54,Shannon Logan,Customer Support,Gurgaon Branch
55,Jacob Davis,Sales,Gurgaon Branch
56,Lisa Roberts,Operations,Jaipur Branch
57,Zachary Carney,Operations,Bhubaneswar Branch
58,Roy Roach,Marketing,Chandigarh Branch
59,Colin Harris,Sales,Jabalpur Branch
60,Linda Schwartz,Operations,Hyderabad Branch
61,Kristine Miller,Finance,Hyderabad Branch
62,Tony Franklin,Sales,Raipur Branch
63,Ann Mayer,Marketing,Bhubaneswar Branch
64,Kristen Cordova,Marketing,Mysore Branch
65,Stacy Thomas,Finance,Jabalpur Branch
66,Bethany Martin,Marketing,Bhopal Branch
67,Thomas Jones,Customer Support,Lucknow Branch
68,Matthew Mack,Marketing,Mumbai Branch
69,Kenneth Johnson,Operations,Raipur Branch
70,Kenneth Giles,Marketing,Visakhapatnam Branch
71,Rebecca Duncan,Customer Support,Indore Branch
72,Alice Mcgrath,Marketing,Delhi Branch
73,Mrs. Jennifer Miller,Sales,Gurgaon Branch
74,Linda Nguyen,Sales,Hyderabad Branch
75,Jessica Cruz,Operations,Gurgaon Branch
76,Isaiah Williams,Customer Support,Chennai Branch
77,Kathleen Burke,Sales,Mysore Branch
78,Michael Carter,Operations,Bangalore Branch
79,James Edwards,Sales,Jaipur Branch
80,Laura Jackson,Marketing,Surat Branch
81,Victoria Pope,Finance,Jaipur Branch
82,Angela Jackson,Customer Support,Mumbai Branch
83,Kristin Estrada,Sales,Pune Branch
84,Jennifer Gilbert,Sales,Lucknow Branch
85,Heather Townsend,Finance,Gurgaon Branch
86,Catherine Horn,Finance,Chandigarh Branch
87,Amber Johnson,Sales,Hyderabad Branch
88,Christopher Price,Sales,Delhi Branch
89,Kyle Clark,Marketing,Gurgaon Branch
90,Thomas Cordova,Marketing,Indore Branch
91,Kevin Berry,Finance,Surat Branch
92,Derrick Henry,Operations,Jaipur Branch
93,John Oliver,Sales,Bhopal Branch
94,Ashley Perez,Finance,Pune Branch
95,Brian Brown,Sales,Nagpur Branch
96,Alex Park,Customer Support,Surat Branch
97,Dr. Jane Goodwin,Finance,Nagpur Branch
98,Robert Johnson,Customer Support,Chandigarh Branch
99,Jasmine Davis,Marketing,Hyderabad Branch
100,Mr. Scott Smith,Marketing,Visakhapatnam Branch
101,Timothy Andrews,Sales,Pune Branch
102,Mark Harris Jr.,Sales,Chandigarh Branch
103,Sara Rogers,Operations,Raipur Branch
104,Melissa Davis,Operations,Gurgaon Branch
105,Lisa Villarreal,Customer Support,Pune Branch
106,Marcia Cook,Operations,Nagpur Branch
107,Doris Meyers,Finance,Bhubaneswar Branch
108,Alyssa Hancock,Sales,Gurgaon Branch
109,Michael Clayton,Marketing,Raipur Branch
110,Sherry Harris,Customer Support,Hyderabad Branch
111,Charles Peters,Customer Support,Surat Branch
112,Joseph Greer,Sales,Bangalore Branch
113,Brett Mack,Finance,Noida Branch
114,David Thompson,Finance,Delhi Branch
115,Jessica Keller,Operations,Mysore Branch
116,Erin Harrison,Operations,Coimbatore Branch
117,Caroline Short,Operations,Ahmedabad Branch
118,Scott Norton,Finance,Jabalpur Branch
119,Jessica Crawford,Operations,Visakhapatnam Branch
120,Aaron Martin,Operations,Hyderabad Branch
121,Christopher Clark,Customer Support,Gurgaon Branch
122,Joel Pratt,Marketing,Raipur Branch
123,Kyle Franco,Finance,Gurgaon Branch
124,Miss Stephanie Miller,Customer Support,Chennai Branch
125,Lisa Wagner,Operations,Bhubaneswar Branch
126,Tracey Meyers,Sales,Delhi Branch
127,Donna Hatfield,Marketing,Jabalpur Branch
128,Dakota King,Customer Support,Raipur Branch
129,Tiffany Coleman,Marketing,Bangalore Branch
130,Caitlyn Mathews,Customer Support,Indore Branch
131,Shaun Holmes,Marketing,Indore Branch
132,Carrie Sanders,Finance,Mumbai Branch
133,Robert Hernandez,Operations,Ahmedabad Branch
134,Robert Armstrong,Operations,Noida Branch
135,Jason Campbell,Customer Support,Nagpur Branch
136,Rodney Weaver MD,Marketing,Bangalore Branch
137,Micheal Flores,Customer Support,Surat Branch
138,Amanda Nicholson,Operations,Surat Branch
139,Jessica Alexander,Sales,Raipur Branch
140,Nathan Coffey,Customer Support,Indore Branch
141,Chad Mitchell,Sales,Raipur Branch
142,Amanda Roberts,Sales,Hyderabad Branch
143,Brittany Garrett,Customer Support,Chandigarh Branch
144,Sarah Hamilton,Sales,Patna Branch
145,Zachary Oconnor,Operations,Delhi Branch
146,Eric Hamilton,Sales,Bhubaneswar Branch
147,Jane Watts,Operations,Noida Branch
148,Terry Moreno,Finance,Jabalpur Branch
149,Zachary Garcia,Operations,Kolkata Branch
150,Julia Fisher,Customer Support,Indore Branch
